{"EndoCV2021": {"dice": {"value": 0.7907599542505793}, "jaccard": {"value": 0.7327807017623975}, "typeIIerror": {"value": 0.7767268676361311}, "PPV": {"value": 0.8873537841128365}, "recall": {"value": 0.8170746564011045}, "OverallAcc": {"value": 0.9779946936501397}, "dice_std": {"value": 0.30882185899143755}, "jc_std": {"value": 0.3126900293406968}, "f2_std": {"value": 0.31290691739650417}, "ppv_std": {"value": 0.254446015958938}, "r_std": {"value": 0.2723589586807787}, "acc_std": {"value": 0.047776589039278596}}}